company_name,city,email,website,email_verified,demo_url,clicked_at,first_login_at,last_login_at,login_count
"MotoPort Hengelo",Hengelo,info@motoporthengelo.nl,https://www.motoporthengelo.nl,True,https://app.garagebook.nl/demo/garage/b224e5f891db26e01b78691d162692eba3ea82f4,"2026-06-17 21:52:06","2026-06-17 21:52:07","2026-06-17 21:52:07",1
"Gebben Motoren",Rogat,info@gebbenmotoren.nl,https://www.gebbenmotoren.nl,True,https://app.garagebook.nl/demo/garage/5e6fc2d7929d0e022f98e217b7aaba3fde646e02,,,,0
"MotoPort Hippolytushoef",Hippolytushoef,info@motoporthippolytushoef.nl,https://www.motoporthippolytushoef.nl,True,https://app.garagebook.nl/demo/garage/a148493cf2c3091ff1382831e43f29bc69a38532,,,,0
"MotoPort Rockanje",Rockanje,info@motoportrockanje.nl,https://www.motoportrockanje.nl,True,https://app.garagebook.nl/demo/garage/0f5f1f4dd844d88f8c4e71e23dfdd30417c9fb8a,,,,0
"MotoPort Zelhem",Zelhem,info@motoportzelhem.nl,https://www.motoportzelhem.nl,True,https://app.garagebook.nl/demo/garage/b79cf7312b48f1e0047dfe3d8d588c8df25af12e,,,,0
"MotoPort Veldhoven",Veldhoven,info@motoportveldhoven.nl,https://www.motoportveldhoven.nl,True,https://app.garagebook.nl/demo/garage/8758c1d510fcdeba5028324861b9fe26fbf9eca7,,,,0
"MotoPort Assen",Assen,info@motoportassen.nl,https://www.motoportassen.nl,True,https://app.garagebook.nl/demo/garage/8be9f65f6aeff723a98edf092b8baa57026bd2ef,,,,0
"MotoPort Goes",Goes,info@motoportgoes.nl,https://www.motoportgoes.nl,True,https://app.garagebook.nl/demo/garage/81acd794b3066993949f4d06f1481153ac667b24,,,,0
"MotoPort Breda",Breda,info@motoportbreda.nl,https://www.motoportbreda.nl,True,https://app.garagebook.nl/demo/garage/11e245238c49fa1d0d409b000b84d363c60461cc,,,,0
"MotoPort Echt",Echt,info@motoport-echt.nl,https://www.motoportecht.nl,True,https://app.garagebook.nl/demo/garage/ca798a11c091ade6d5b6bc39e0d742da04b1057c,,,,0
Motorado,Leeuwarden,info@motorado.nl,https://www.motorado.nl,True,https://app.garagebook.nl/demo/garage/5106d36dfb4a691468732d338c4f7dc691c70f18,,,,0
"Molenaar Motors BMW",IJsselstein,info@molenaarmotors.nl,https://www.molenaarmotors.nl,True,https://app.garagebook.nl/demo/garage/bdbfafa20bcbd1d28b399e3c297d90d77a15fe63,,,,0
"MotorCity Amsterdam",Amsterdam,verkoop@motorcityamsterdam.nl,https://motorcityamsterdam.nl,True,https://app.garagebook.nl/demo/garage/910fcb6eb3bf4a59b8d9b61556229adc801d93ab,,,,0
"Domburg Motoren",Nieuwkoop,info@domburgmotoren.nl,https://www.domburgmotoren.nl,True,https://app.garagebook.nl/demo/garage/25313c1d794c9583f563809dfe5ce0531195bcdb,,,,0
"MotoPort Leeuwarden",Leeuwarden,info@motoportleeuwarden.nl,https://www.motoportleeuwarden.nl,True,https://app.garagebook.nl/demo/garage/ea70d45b1c9735b2d86bdfaafe08eaff8355401a,,,,0
"Straver Motoren",Lopik,info@stravermotoren.nl,https://www.stravermotoren.nl,True,https://app.garagebook.nl/demo/garage/8322505275db74cff8c78a51f535e0bd3abb3f1f,,,,0
"Brons Motoren",Groningen,info@bronsmotoren.nl,https://www.bronsmotoren.nl,True,https://app.garagebook.nl/demo/garage/14e74884d0f651526407722cf1f52b91e4225d8c,,,,0
"Motorhuis Brabant",Tilburg,info@motorhuisbrabant.nl,https://www.motorhuisbrabant.nl,True,https://app.garagebook.nl/demo/garage/55eb7a68704fbe5c5d83157495f1c7ee59d9de39,,,,0
"Brabant Motors Grave",Grave,info@brabantmotors.nl,https://www.brabantmotors.nl,True,https://app.garagebook.nl/demo/garage/2bcb4a80e55a519edc6efcf4e4fdc68afdf26e16,,,,0
"MotoPort Leek",Leek,info@motoportleek.nl,https://www.motoport.nl/leek,True,https://app.garagebook.nl/demo/garage/1c9fbf0e816e37b80bd6d7de506fdfd23399c2a5,,,,0
"Van de Kuinder Motoren",Hilversum,info@vandekuinder.nl,https://vandekuinder.nl,True,https://app.garagebook.nl/demo/garage/32f7474f120c5a4827a1ea9433374fc046669ee8,,,,0
"Doornekamp Motorsport",Hoevelaken,info@doornekampmotorsport.nl,https://doornekampmotorsport.nl,True,https://app.garagebook.nl/demo/garage/0758d712de8054d88ba3b7db7948fc386804a515,,,,0
"NIWA Motoren",Zwaagdijk,info@niwa.nl,https://www.niwa.nl,True,https://app.garagebook.nl/demo/garage/3dde9322c8a46b295446caff021d00d7b7cd68fd,,,,0
"Motor Centrum Eibergen",Eibergen,info@motorcentrumeibergen.nl,https://www.motorcentrumeibergen.nl,True,https://app.garagebook.nl/demo/garage/77ff416fba2253c21b11a3603b4df66ed6cd1906,,,,0
"Hans van Wijk Motoren",Zoetermeer,werkplaats@hansvanwijk.nl,https://www.hansvanwijk.nl,True,https://app.garagebook.nl/demo/garage/006b74e9cb3fc8f776672ef9bb2fa145d4e90d81,,,,0
"Goedhart Motoren",Bodegraven,info@goedhartmotoren.nl,https://www.goedhartmotoren.nl,True,https://app.garagebook.nl/demo/garage/26c06a2f511c304ca8f81e4f1a575d2584503e99,,,,0
"Arie Molenaar Motors",IJsselstein,info@ariemolenaarmotors.nl,https://www.ariemolenaarmotors.nl,True,https://app.garagebook.nl/demo/garage/a1c98ac96dea4ca3d46ecd04a762120f0f8ba49e,,,,0
"Tayomoto Motor & Onderhoud",Zevenhuizen,info@tayomoto.com,https://www.tayomoto.com/,True,https://app.garagebook.nl/demo/garage/8cf1d3b263349dcd40d73ea619a062234802577c,"2026-06-17 17:37:54","2026-06-17 17:37:54","2026-06-17 19:00:14",5
"Bouw Motoren",Arnhem,info@bouwmotoren.nl,https://bouwmotoren.nl/,True,https://app.garagebook.nl/demo/garage/c9c47159c4e4479292e16428feaa8f30b971fbc5,,,,0
"H.D. Service",Venlo,info@hdservicevenlo.nl,https://www.hdservice.nl,True,https://app.garagebook.nl/demo/garage/0fc978bf24223c90a1af59e8fecdedf371356358,,,,0
"Snelle Motoren","Den Haag",info@snellemotoren.nl,https://snellemotoren.nl,True,https://app.garagebook.nl/demo/garage/3e14ab94348db8c3c383c4779849452e0e6cdcbd,,,,0
"Mulders Motorcycles",Veendam,sales@muldersmotorcycles.nl,https://www.muldersmotorcycles.nl/,True,https://app.garagebook.nl/demo/garage/a6ad4b4f52cb9753d173b1f2cb6b4d222aae829a,,,,0
"TLM Nijmegen",Nijmegen,info@tlm.nl,https://tlm.nl,True,https://app.garagebook.nl/demo/garage/801bb295f0acb76ef75c2ca0c729ef718ee92863,,,,0
"Witteveen Motoren",Oudelande,info@witteveenmotoren.nl,https://witteveenmotoren.nl,True,https://app.garagebook.nl/demo/garage/c8bba103a73a5855134d89283358dc7ef1b37e48,,,,0
"MVM Motoren","De Meern",info@mvm.nl,https://www.mvm.nl/,True,https://app.garagebook.nl/demo/garage/cb65a9e76a96ebac1cf3aa6a2516d646eec3f235,,,,0
"Motorservice IJmuiden",IJmuiden,info@motorserviceijmuiden.nl,https://motorserviceijmuiden.nl,True,https://app.garagebook.nl/demo/garage/b2bc7a9eee1c6fb9cddf69c17f29530989e5156b,,,,0
"Franks Motor Service",Liempde,info@franksmotorservice.nl,https://franksmotorservice.nl,True,https://app.garagebook.nl/demo/garage/7031687984bc244dddeefa95d6bbc8801bc5cd2d,,,,0
Motorpulse,'s-Heerenberg,info@motorpulse.nl,https://motorpulse.nl,True,https://app.garagebook.nl/demo/garage/a82599b19e1f6c384eedf4763ee4e7ffb4cb067f,,,,0
"Motor Service Arnhem",Arnhem,info@motorservicearnhem.nl,https://motorservicearnhem.nl,True,https://app.garagebook.nl/demo/garage/46ec0d8832c1834efe8d07903226b718d341d279,,,,0
"BlueBikes Delft",Delft,info@bluebikesdelft.nl,https://www.bluebikesdelft.nl,True,https://app.garagebook.nl/demo/garage/5ee29a9897de011f96b7051e4ee828ba442fd9e4,,,,0
MotorDoc,Menaam,info@motordoc.nl,https://motordoc.nl,True,https://app.garagebook.nl/demo/garage/8532576a475d504035726a2668ff74924ad24df1,,,,0
"De Zwart Motoren",Weert,info@dezwartmotoren.nl,https://dezwartmotoren.nl,True,https://app.garagebook.nl/demo/garage/6f0e331fc825b75381b52858e6cac7e9b95fd274,,,,0
"Paddock Motoren",Velsen-Noord,info@paddockmotoren.nl,https://www.paddockmotoren.nl,True,https://app.garagebook.nl/demo/garage/b2657e97c6afce798ea39e645ca3d2f62cc15bb2,,,,0
Pitbox33,Valburg,erik@pitbox33.nl,https://pitbox33.nl,True,https://app.garagebook.nl/demo/garage/c9219b3b23f91dc6edd1bf0c8812bb36f6c4ceb0,,,,0
"Motorservice Edgar Stijner",Enschede,info@motorservice-stijner.nl,https://www.motorservice-stijner.nl,True,https://app.garagebook.nl/demo/garage/37d09aa05313322fb5ec588fbe598399e4ae1156,,,,0
"Vinny's Motorcycles",Breda,vincent@vinnysmotorcycles.nl,https://www.vinnysmotorcycles.nl,True,https://app.garagebook.nl/demo/garage/ff730188ff9a7d16f6965b0df24043bcf49bc128,,,,0
"Motor Service Hoofddorp",Hoofddorp,info@motorservicehoofddorp.com,https://www.motorservicehoofddorp.com,True,https://app.garagebook.nl/demo/garage/6081fc6c942234ec375ced9b012c6d4608a18da0,,,,0
"RT Motorservice",Barendrecht,info@rtmotorservice.nl,https://rtmotorservice.nl,True,https://app.garagebook.nl/demo/garage/255c394a89a3c733289022e5d61f5f358666f238,"2026-06-17 19:32:28","2026-06-17 19:32:28","2026-06-17 19:32:36",2
"Paul de Wit Motoren",Wormerveer,info@pauldewitmotoren.nl,https://www.pauldewitmotoren.nl,True,https://app.garagebook.nl/demo/garage/ec36767910f7e8f007f3c9754f3e71fff826902f,,,,0
"BD Motorservice",Amsterdam,info@bdmotorservice.nl,https://bdmotorservice.nl,True,https://app.garagebook.nl/demo/garage/3f9139f9f1622033bc4b50cd7365c07408fca2a3,,,,0
"De Motorzaak Amsterdam",Amsterdam,info@demotorzaak.nl,https://www.demotorzaak.nl,True,https://app.garagebook.nl/demo/garage/54b175d6b0b0ad1469a05bc8822c29632cbc235d,,,,0
"Moto Hippo",Hippolytushoef,info@motohippo.nl,https://www.motohippo.nl,True,https://app.garagebook.nl/demo/garage/e0bd515ba41133dc6ecd3b133d440982e4c1ba9a,,,,0
"Verpalen KTM Motors",Krommenie,info@verpalen.nl,https://www.verpalen.nl,True,https://app.garagebook.nl/demo/garage/87ce55cabb1251d8757c98b349618d5cc2cc55b6,,,,0
"MotoPort Wormerveer",Wormerveer,info@motoportwormerveer.nl,https://www.motoport.nl/wormerveer,True,https://app.garagebook.nl/demo/garage/3da66fad54382c4238c9602792a5f8b8eab78834,,,,0
"MotoPort Hillegom",Hillegom,info@motoporthillegom.nl,https://www.motoport.nl/hillegom,True,https://app.garagebook.nl/demo/garage/0391c4582fdbe3f20746f5f42c002134df6662b2,,,,0
"MotoPort Amsterdam",Amsterdam,info@motoportamsterdam.nl,https://www.motoport.nl/amsterdam,True,https://app.garagebook.nl/demo/garage/21faf9ce050a176024ff2313a48a79358f199d28,,,,0
"MotoPort Almere",Almere,info@motoportalmere.nl,https://www.motoport.nl/almere,True,https://app.garagebook.nl/demo/garage/2d15a51d3fac62392fea7464fcb43c84bd8bd0f3,,,,0
"MotoPort Soesterberg",Soesterberg,info@motoportsoesterberg.nl,https://www.motoport.nl/soesterberg,True,https://app.garagebook.nl/demo/garage/7da309104d9c10f0d28effc79d4b79e0e99c95a4,,,,0
"MotoPort Uithoorn",Uithoorn,info@motoportuithoorn.nl,https://www.motoport.nl/uithoorn,True,https://app.garagebook.nl/demo/garage/916ee81fde1f0379d3978ca9e7674f150bb51ecd,,,,0
"MotoPort Utrecht",Utrecht,info@motoportutrecht.nl,https://www.motoport.nl/utrecht,True,https://app.garagebook.nl/demo/garage/b0d33fb1aa430877ca685e074088a5d4e60db7c0,,,,0
"MotoPort Zoetermeer",Zoetermeer,info@motoportzoetermeer.nl,https://www.motoport.nl/zoetermeer,True,https://app.garagebook.nl/demo/garage/7b54f3c87e3617299e159bff62119bb91a4235a8,,,,0
"MotoPort Zwaagdijk",Zwaagdijk,info@motoportzwaagdijk.nl,https://www.motoport.nl/zwaagdijk,True,https://app.garagebook.nl/demo/garage/d1a08e0de6a20701fd839ea580406c21a0bd923d,,,,0
"MotoPort Haarlem",Haarlem,info@motoporthaarlem.nl,https://www.motoport.nl/haarlem,True,https://app.garagebook.nl/demo/garage/0680687d60b1082281806d8a7e94e2aec4ff7ded,,,,0
"Wegman Motoren",Aalsmeer,info@wegmanmotoren.nl,https://www.wegmanmotoren.nl,False,https://app.garagebook.nl/demo/garage/40d8ed52e5b4b8f6efaad0d457b4581be9fbbfd2,,,,0
"Beast Motoren",Purmerend,info@beastmotoren.nl,https://www.beastmotoren.nl,False,https://app.garagebook.nl/demo/garage/d0b4a2ebc6cfb848aa2753c9967ed5166c347027,,,,0
"Mister Jim Motoren",Castricum,info@misterjimmotoren.nl,,False,https://app.garagebook.nl/demo/garage/d34d0858cbb79bca053b8df8a58fd4896449ab58,,,,0
"VK Solutions Motorservice",Aalsmeer,info@vk-solutions.nl,,False,https://app.garagebook.nl/demo/garage/5a1e2bb98b9612d7ba639e04fa14c1943f39eae4,,,,0
"Grease Monkey Choppers",Amsterdam,info@greasemonkeychoppers.nl,,False,https://app.garagebook.nl/demo/garage/d421c8095c1aaf4713c8faff56bac69f23240976,,,,0
"Jordy's Chopper Shop",Santpoort-Zuid,info@jordyschoppershop.nl,,False,https://app.garagebook.nl/demo/garage/642aac77f74fa31fd272b7a035f928db201307d8,,,,0
"Bakker Motors",Wormerveer,info@bakkermotors.nl,https://www.bakkermotors.nl,False,https://app.garagebook.nl/demo/garage/c1abb54f76f387ef01df3264c8cdca88eb69131c,,,,0
"Motor Service Uithoorn",Uithoorn,info@motorserviceuithoorn.nl,,False,https://app.garagebook.nl/demo/garage/854a645d0d4bd008a26785d64ee12acf6347f852,,,,0
"Hoogland Motoren",Kwadijk,info@hooglandmotoren.nl,,False,https://app.garagebook.nl/demo/garage/021bd9b8e45ad029590b84ecf39d9366d3e665f0,,,,0
"Motor Service Alkmaar",Alkmaar,info@motorservicealkmaar.nl,,False,https://app.garagebook.nl/demo/garage/96aae2e24e9440d38003e2da0b2c538b59caa3b9,,,,0
"Motor Centrum Almere",Almere,info@motorcentrumalmere.nl,,False,https://app.garagebook.nl/demo/garage/13bd6e9d1374b0ae3d2d3a579043b9b2e8f21cca,,,,0
"Roukama Motoren",Amsterdam,info@roukama.nl,,False,https://app.garagebook.nl/demo/garage/ddb75488d21b7fae7716fe410f41b10c1191252a,,,,0
"Swift Motoren",Amsterdam,info@swiftmotoren.nl,,False,https://app.garagebook.nl/demo/garage/a3f3f7ae99d355835f1207be1d58fa1b3dedf8ce,,,,0
"Motorservice Heerhugowaard",Heerhugowaard,info@motorserviceheerhugowaard.nl,,False,https://app.garagebook.nl/demo/garage/6e6ac512e5f53d21649dccaad94d5987937a888e,,,,0
"HP Motoren Almere",Almere,info@hpmotoren.nl,,False,https://app.garagebook.nl/demo/garage/1baac9ee5594a930943eb5b48ae0db96cf8f9aed,,,,0
"Motor Enkhuizen",Enkhuizen,info@motorenkhuizen.nl,,False,https://app.garagebook.nl/demo/garage/19084d9bdea941adde65c6ef1418e35a133009d8,,,,0
"Motorhuis Hilversum",Hilversum,info@motorhuishilversum.nl,,False,https://app.garagebook.nl/demo/garage/fe31302c53f5584086e659b4b646175e91bed10d,,,,0
"Moto Rotterdam",Rotterdam,info@motorotterdam.nl,https://motorotterdam.nl,True,https://app.garagebook.nl/demo/garage/289a8e14095f17ee4b854436d120c0d2afe7e779,,,,0
"KRUK Motorcycle Shop","Berkel en Rodenrijs",info@kruk-motoren.nl,https://www.kruk-motoren.nl,True,https://app.garagebook.nl/demo/garage/4f69d2753e14b958c0997324c6e5c8675e49f0f2,,,,0
MotorCentrumWest,Naaldwijk,info@motorcentrumwest.nl,https://www.motorcentrumwest.nl,True,https://app.garagebook.nl/demo/garage/d585db30d95569e4a649418909a95778fbbf72e8,,,,0
"Motostore Barendrecht",Barendrecht,info@motostorebarendrecht.nl,https://www.motostorebarendrecht.nl,True,https://app.garagebook.nl/demo/garage/7120324508e07ad005fbf0109ffeb44a462c5886,,,,0
"Bike Hospital Waddinxveen",Waddinxveen,info@bikehospital.nl,,False,https://app.garagebook.nl/demo/garage/1ad992747370a32c9d349600ae432cd5cfc6b77f,,,,0
"Classic Motorcycle Repair",Leimuiden,info@classicmotorcyclerepair.nl,,False,https://app.garagebook.nl/demo/garage/3de3fb0396bf6a55494866760d6b5466b5a22c65,,,,0
"AB Motoren Leiden",Leiden,info@abmotoren.nl,,False,https://app.garagebook.nl/demo/garage/b5ac682f927359d0dfa2c7c1125e5cd79b8e04fd,,,,0
"Diesveld Motoren",Rotterdam,info@diesveldmotoren.nl,,False,https://app.garagebook.nl/demo/garage/275f120a77d12f8bf511b9e7b7df50fce2c76fcb,,,,0
"CPH Motoren",Papendrecht,info@cphmotoren.nl,,False,https://app.garagebook.nl/demo/garage/2cbf7df1e3ff755b28410d1a562a0e0e3658154a,,,,0
"Motorservice Delft",Delft,info@motorservicedelft.nl,,False,https://app.garagebook.nl/demo/garage/526a47e5121eb99472e984ea380d3d730bca3f12,,,,0
"Motorhuis Dordrecht",Dordrecht,info@motorhuisdordrecht.nl,,False,https://app.garagebook.nl/demo/garage/ccf2684c960cb1e6691d5862b9e6f9565f61a70a,,,,0
"Motorhuis Capelle","Capelle aan den IJssel",info@motorhuiscapelle.nl,,False,https://app.garagebook.nl/demo/garage/7363430000b4d30c26a6a65043703e2a8917fbd1,,,,0
"Motorservice Ridderkerk",Ridderkerk,info@motorserviceridderkerk.nl,,False,https://app.garagebook.nl/demo/garage/c694e9e70d897ee588d475cad072ec39e493e0e8,,,,0
"Motorhuis Spijkenisse",Spijkenisse,info@motorhuisspijkenisse.nl,,False,https://app.garagebook.nl/demo/garage/346b0187c9eb4276b50926db540eb43d15399bae,,,,0
"Motorservice Gouda",Gouda,info@motorservicegouda.nl,,False,https://app.garagebook.nl/demo/garage/32e87b6d34e0952008c9f6bf0386cb66d581d451,,,,0
"Motorcentrum Alphen","Alphen aan den Rijn",info@motorcentrumalphen.nl,,False,https://app.garagebook.nl/demo/garage/3e37276f83735077bffeefce006eacbe007bdc70,,,,0
"Motorhuis Maassluis",Maassluis,info@motorhuismaassluis.nl,,False,https://app.garagebook.nl/demo/garage/ec84aef43ed050db4247ce04019cff2e88196971,,,,0
"Trike Centrum Rijnmond",Oostvoorne,info@trikecentrumrijnmond.nl,,False,https://app.garagebook.nl/demo/garage/550e6d029cbaa6c76de7796efe59ced5e7aaa96a,,,,0
"Motorhuis Woerden",Woerden,info@motorhuiswoerden.nl,,False,https://app.garagebook.nl/demo/garage/1474f7832d40d819df2105f34bd4a9c80a127938,,,,0
"Motorservice Leiden",Leiden,info@motorserviceleiden.nl,,False,https://app.garagebook.nl/demo/garage/35e06646c49f63c2a6c2179c6b900e1504dddc3d,,,,0
"Motorspecialist Haarlem",Haarlem,info@motorspecialisthaarlem.nl,,False,https://app.garagebook.nl/demo/garage/df4c491bd7645f3c741b455575f25b4841cba9f6,,,,0
"Motorhuis Zwijndrecht",Zwijndrecht,info@motorhuiszwijndrecht.nl,,False,https://app.garagebook.nl/demo/garage/b387aa9214f2e14044065a6e00f311406cf331b6,,,,0
"Motor Den Haag Centrum","Den Haag",info@motordenhaag.nl,,False,https://app.garagebook.nl/demo/garage/e367587512d75ee615957d8a16b581f68d679c0b,,,,0
"Motorservice Zoetermeer",Zoetermeer,info@motorservicezoetermeer.nl,,False,https://app.garagebook.nl/demo/garage/9ab315f22e7fdf57c98432a64a5e310b05d7471b,,,,0
"RB Motoren","De Bilt",info@rbmotoren.nl,https://rbmotoren.nl,True,https://app.garagebook.nl/demo/garage/3984ed071d7a5a06d07e903c62cb19441e295640,,,,0
"Twin Motorcycles",IJsselstein,info@twinmotorcycles.nl,,False,https://app.garagebook.nl/demo/garage/2a81001a3409467308096cb67c99dcaffab1630d,,,,0
"Via Daytona",Utrecht,info@viadaytona.nl,,False,https://app.garagebook.nl/demo/garage/1b173c7f07189a961a46d9033a8c9537cdc62144,,,,0
"Motor Saloon Amersfoort",Amersfoort,info@motorsaloon.nl,,False,https://app.garagebook.nl/demo/garage/831b8f6086690d79ca98fa04efd03211d66da3e8,,,,0
"De Viertaktschuur",Utrecht,info@deviertaktschuur.nl,,False,https://app.garagebook.nl/demo/garage/c0feb00e291f61e968a068d5165d2cc8a83b0dd0,,,,0
"Bikecompany Utrecht",Utrecht,info@bikecompany.nl,,False,https://app.garagebook.nl/demo/garage/bc94aaca5382858d054f256292807d664a3c006d,,,,0
"MSB Motoren","Wijk en Aalburg",info@msbmotoren.nl,,False,https://app.garagebook.nl/demo/garage/0ac32eaf2467e9ebcbc2875827410fe07c608063,,,,0
"Motor en Meer Breukelen",Breukelen,info@motorenmeer.nl,,False,https://app.garagebook.nl/demo/garage/93ea9e0d74773f0f68fe0fdcd1145da89689efc6,,,,0
"Motorservice Amersfoort",Amersfoort,info@motorserviceamersfoort.nl,,False,https://app.garagebook.nl/demo/garage/bb6cd78874008d790d0bbfac0655e69f6a02cc6c,,,,0
"Motorservice Veenendaal",Veenendaal,info@motorserviceveenendaal.nl,,False,https://app.garagebook.nl/demo/garage/4d9b6fdb00faedc15c41854dad708e5a28870ce1,,,,0
"Motorhuis Zeist",Zeist,info@motorhuiszeist.nl,,False,https://app.garagebook.nl/demo/garage/e67cf3f6e0de9880e54779791279b1e65b05d620,,,,0
"Motorservice Soest",Soest,info@motorservicesoest.nl,,False,https://app.garagebook.nl/demo/garage/5db2efd9990ce599bfd40f40805be9e66f759479,,,,0
"Motorhuis Houten",Houten,info@motorhuishouten.nl,,False,https://app.garagebook.nl/demo/garage/e05fcb2ffe84d8458ad2c0d6c93191d9afe06980,,,,0
"Motorcentrum Geldermalsen",Geldermalsen,info@motorcentrumgeldermalsen.nl,https://www.motorcentrumgeldermalsen.nl,True,https://app.garagebook.nl/demo/garage/4fff9f9dad723bb0dc88d31d5804dbcaf46c730e,,,,0
"Aaron Motors",Slijk-Ewijk,info@aaronmotors.nl,https://aaronmotors.nl,True,https://app.garagebook.nl/demo/garage/15e8436c6561fec51249999e04ce34983a6de541,,,,0
"Motorservice Peeters",Lichtenvoorde,info@motorservicepeeters.nl,https://www.motorservicepeeters.nl,True,https://app.garagebook.nl/demo/garage/49f6192f3d9b589f0e2f65f69baf5f093d165da2,,,,0
"Rikkers Motoren",Heelweg,info@rikkersmotoren.nl,https://rikkersmotoren.nl,True,https://app.garagebook.nl/demo/garage/37e7f7b19a788ba6d2f569983dc7d5b210572943,,,,0
JMRaceradiators,Velp,info@jmraceradiators.com,https://www.jmraceradiators.com,True,https://app.garagebook.nl/demo/garage/2eb43fb9650ffd88eddc096dced915a0f1568047,,,,0
"VP Motorsport",Woudrichem,info@vpmotorsport.nl,https://vpmotorsport.nl,True,https://app.garagebook.nl/demo/garage/d10f4438d55e2fdbb38135a5e887483d1f6a145b,,,,0
"Buitenhuis Allroad Motoren",Bergentheim,info@allroadmotorcycles.com,https://allroadmotorcycles.com,True,https://app.garagebook.nl/demo/garage/a47f4d0154580e547674785a79b0ec0c70c7ae1d,,,,0
"Rob den Balvert Motoren",Duiven,info@robdenbalvert.nl,,False,https://app.garagebook.nl/demo/garage/4427cd33b59b268ab8945c01632905bdad9562e9,,,,0
"Rally Bike Center",Lochem,info@rallybiкecenter.nl,,False,https://app.garagebook.nl/demo/garage/85ea0c40fae42c355e4f5a29a72a1f397dffa4ad,,,,0
"Roadrunner Motoren",Arnhem,info@roadrunnermotoren.nl,,False,https://app.garagebook.nl/demo/garage/a040dd094020401bc4ba4e9205515c43c44ebaff,,,,0
"Termaat Motoren",Nijmegen,info@termaat.nl,,False,https://app.garagebook.nl/demo/garage/4a76e51f2fb0618e626f7e609370aa040077847f,,,,0
"Cok van den Heuvel Motoren",Tiel,info@chclassics.nl,,False,https://app.garagebook.nl/demo/garage/844d4fcba40980e02d08360b7f577c107f214223,,,,0
"Halmac Motorservice",Halle,info@halmac.nl,,False,https://app.garagebook.nl/demo/garage/6ef3b071ee1a29b597090a99494e69672c578377,,,,0
"Motorwinkel Nijmegen",Nijmegen,info@motorwinkel.com,https://motorwinkel.com,True,https://app.garagebook.nl/demo/garage/205228c77774659a09183a4e905c3471a86a5eaf,,,,0
"Roadhouse Motoren",Doetinchem,info@roadhousemotoren.nl,,False,https://app.garagebook.nl/demo/garage/6101db357efb6b24d15ce6b2f3f8c903b6df96e1,,,,0
"JGH Motoren Nijmegen",Nijmegen,info@jghmotoren.nl,,False,https://app.garagebook.nl/demo/garage/4365e946c30ec9adf7da0a068526cc24493c9ac6,,,,0
"Motorservice Apeldoorn",Apeldoorn,info@motorserviceapeldoorn.nl,,False,https://app.garagebook.nl/demo/garage/895b1bf7fbd70c3db22ced451917ce6743290bf3,,,,0
"Motorhuis Harderwijk",Harderwijk,info@motorhuisharderwijk.nl,,False,https://app.garagebook.nl/demo/garage/b3ee15756cbd1933a28bd700914393afce28562f,,,,0
"Motorservice Barneveld",Barneveld,info@motorservicebarneveld.nl,,False,https://app.garagebook.nl/demo/garage/ada698ab7ccc3317048003df33f262c02c4bbe34,,,,0
"Motorhuis Ede",Ede,info@motorhuisede.nl,,False,https://app.garagebook.nl/demo/garage/4946ea8c0e16b0277b08d6aed7b045f3392d1f41,,,,0
"Motorservice Zevenaar",Zevenaar,info@motorservicezevenaar.nl,,False,https://app.garagebook.nl/demo/garage/a317cf67bb7cf6654b088763d8c8d7e54db3d645,,,,0
"Motorhuis Tiel",Tiel,info@motorhuistiel.nl,,False,https://app.garagebook.nl/demo/garage/42c48dd1a14ae266dea851e3ba588b4ec6e7a4ed,,,,0
"Motorservice Winterswijk",Winterswijk,info@motorservicewinterswijk.nl,,False,https://app.garagebook.nl/demo/garage/e34fb121b84dbdee4b6449944a88e3135773f2ea,,,,0
"BmB Motoren",Veghel,info@bmbmotoren.nl,https://bmbmotoren.nl,True,https://app.garagebook.nl/demo/garage/939868671c79ff3a835798ef8c7e9cd25a8845b3,,,,0
"Huybers Motoren",Schijndel,info@huybersmotoren.nl,https://www.huybersmotoren.nl,True,https://app.garagebook.nl/demo/garage/aa760bcf40fd260c0c5c99bf4c9c4b38ed0e9402,,,,0
"Motor Centrum Roosendaal",Roosendaal,info@motorcentrumroosendaal.nl,,False,https://app.garagebook.nl/demo/garage/f970ce805c6332a1bc8c5a30a6b1a74da22c9ddd,,,,0
"Harley Service Tilburg",Tilburg,info@harleyservicetilburg.nl,,False,https://app.garagebook.nl/demo/garage/5c661b1a5e6ba13e6b45a00fbcc975bb5a48ec1c,,,,0
"SMX Racing",Kaatsheuvel,info@smxracing.nl,,False,https://app.garagebook.nl/demo/garage/d470bcb8b560b461abdb18554b97e6d6ab0aabc0,,,,0
"Hilltech Dynojet",Kaatsheuvel,info@hilltech.nl,,False,https://app.garagebook.nl/demo/garage/96fdfb8a2c68c1541ca17c1f2837d1754770387e,,,,0
"Klazen Motoren",Gilze,info@klazenmotoren.nl,,False,https://app.garagebook.nl/demo/garage/85821e6e1015ab8d62bfb16c9dfe187aebc544a4,,,,0
"Cees Doorakkers Motoren",Molenschot,info@ceesdoorakkers.nl,,False,https://app.garagebook.nl/demo/garage/f79f6b363f4dbc6fd4bac86f2abb916a8d534546,,,,0
"Motor Service Cuijk",Heijen,info@motorservicecuijk.nl,https://www.motoronderdelencuijk.nl,True,https://app.garagebook.nl/demo/garage/5cf44bc41add3fc722e6a022cab28997fd67c312,,,,0
"Motorhuis Den Bosch","Den Bosch",info@motorhuisdenbosch.nl,,False,https://app.garagebook.nl/demo/garage/fbade848d565dbb21cdbab2bdb076c40126841aa,,,,0
"Motorspecialist Breda",Breda,info@motorspecialistbreda.nl,,False,https://app.garagebook.nl/demo/garage/0c36c2fd0126834e24e2891787f380aad97de3a4,,,,0
"Van Meel Motoren",Tilburg,info@vanmeelmotoren.nl,,False,https://app.garagebook.nl/demo/garage/a173f035173129aa53fb4ace4cdab2f46234cbcc,,,,0
"Bikertools Harley Service",Tilburg,info@bikertools.nl,,False,https://app.garagebook.nl/demo/garage/1f2172b981259aa2401029707acc3ebad3361f3d,,,,0
"Motorhuis Eindhoven",Eindhoven,info@motorhuiseindhoven.nl,,False,https://app.garagebook.nl/demo/garage/420d9d49022d10739829199beef9680c9e606ca8,,,,0
"Motorservice Helmond",Helmond,info@motorservicehelmond.nl,,False,https://app.garagebook.nl/demo/garage/91d8d6ce18362e8311ae2cd5285ff91be17ef389,,,,0
"Motorhuis Oss",Oss,info@motorhuisos.nl,,False,https://app.garagebook.nl/demo/garage/08a8f2ddb3e8f4fe92092c23b1877eb98279e1f1,,,,0
"Motorservice Waalwijk",Waalwijk,info@motorservicewaalwijk.nl,,False,https://app.garagebook.nl/demo/garage/bf835b18ef965faef71c0a0c76b55ac8fe2066a6,,,,0
"Motorhuis Bergen op Zoom","Bergen op Zoom",info@motorhuisbergenopzoom.nl,,False,https://app.garagebook.nl/demo/garage/c4f4e38ae3a2be7ee32dd32ad282bc5b0ecef568,,,,0
"Motorservice Roosendaal",Roosendaal,info@motorserviceroosendaal.nl,,False,https://app.garagebook.nl/demo/garage/7056bcd9bfbdfcfb29a1e9ae41ed76db2e376363,,,,0
"Motorhuis Uden",Uden,info@motorhuisuden.nl,,False,https://app.garagebook.nl/demo/garage/172e7ce39ecc655edf128a370d00c4e76bb5820b,,,,0
"Motorservice Boxtel",Boxtel,info@motorserviceboxtel.nl,,False,https://app.garagebook.nl/demo/garage/fef8f6d41dd095bb90deb9c892096b6729417451,,,,0
"Linders Motoren",Haelen,info@lindersmotoren.nl,https://www.lindersmotoren.nl,True,https://app.garagebook.nl/demo/garage/b513e15171f1a5fddfe45c98dfd3ddedecd3e93d,,,,0
"Motorcenter Venlo",Venlo,info@motorcentervenlo.nl,,False,https://app.garagebook.nl/demo/garage/951da46707ed85552a85419d1ce879bafc1b5f88,,,,0
"Mook Motorparts",Ell,info@mookparts.nl,,False,https://app.garagebook.nl/demo/garage/f6e585d3d0c11be4060ba7db03aadd46c9c6679f,,,,0
"Ton Wijen Motorspuiterij",Weert,info@tonwijenmotorspuiterij.nl,,False,https://app.garagebook.nl/demo/garage/da6c5a838e4dcf82ae5c92a283938cca231d84a4,,,,0
"Yesterdays Classic Motorcycles",Nederweert,info@yesterdays.nl,,False,https://app.garagebook.nl/demo/garage/84171efa49f3f8c4806fc436d67e3ffbb541231b,,,,0
"Lemar Motoren",Venray,info@lemarmotoren.nl,,False,https://app.garagebook.nl/demo/garage/02ba490e887c86e2f381ef6ab2f0407c516f5f9d,,,,0
"Motor Service Maastricht",Maastricht,info@motorservicemaastricht.nl,,False,https://app.garagebook.nl/demo/garage/ecf43887b951b59562d29f800d4cc0b80073b198,,,,0
"Motorland Roermond",Roermond,info@motorlandroermond.nl,,False,https://app.garagebook.nl/demo/garage/f1e975f086a24ea0015119260232be5a1a211a6a,,,,0
"Motorhuis Heerlen",Heerlen,info@motorhuisheerlen.nl,,False,https://app.garagebook.nl/demo/garage/6ee418195cabf98a4130aa8054d044e69f840d3e,,,,0
"Motorservice Sittard",Sittard,info@motorservicesittard.nl,,False,https://app.garagebook.nl/demo/garage/5dbd8fe79366e43bbd28638288267b192a259cb7,,,,0
"Motorhuis Venray",Venray,info@motorhuisvenray.nl,,False,https://app.garagebook.nl/demo/garage/ca009d64be68fb3754136b308a15c7163ccca7f7,,,,0
"Motorservice Geleen",Geleen,info@motorservicegeleen.nl,,False,https://app.garagebook.nl/demo/garage/1552f5996d62921080b8b0e8ed0e12bb90833c92,,,,0
"CCR Motorfietsen",Hasselt,info@ccrmotorfietsen.nl,,False,https://app.garagebook.nl/demo/garage/930188f15b287e3979e935b881206edc49d3fb38,,,,0
"Zweers Motorservice",Hardenberg,info@zweersmotorservice.nl,,False,https://app.garagebook.nl/demo/garage/5719ba75722a7bded1c6025981302a78ca2b47b3,,,,0
Duxbike,Almelo,info@duxbike.nl,,False,https://app.garagebook.nl/demo/garage/c68bf34c41333015303a0ac80e00c3e6c6781823,,,,0
"Fix Motoren",Steenwijk,info@fixmotoren.nl,,False,https://app.garagebook.nl/demo/garage/98d81f98e569d36a96622fcbf5d7b646b52714ac,,,,0
"Laurense Motors",Zwolle,info@laurensemotors.nl,,False,https://app.garagebook.nl/demo/garage/20d9c77bf8085b4e5d3e5c75b4e1a627eacce13c,,,,0
"Zwolle Motorservice",Zwolle,info@zwollemotorservice.nl,,False,https://app.garagebook.nl/demo/garage/67ebf5314171bc01379ad8469b348b4abbec5e11,,,,0
"Deventer Motor Center",Deventer,info@deventer-motorcenter.nl,,False,https://app.garagebook.nl/demo/garage/78fb148a6ed6c389a9f4a8958180b4fe8af1bff1,,,,0
"Motorservice Enschede",Enschede,info@motorserviceenschede.nl,,False,https://app.garagebook.nl/demo/garage/d9ae4cc51d681fd79424ae43d5c52e24c3b4fa47,,,,0
"Oldenzaal Motorservice",Oldenzaal,info@oldenzaal-motorservice.nl,,False,https://app.garagebook.nl/demo/garage/01d366ff8af69846cd3a12bda9c2aeb02c35e1ab,,,,0
"Motorhuis Kampen",Kampen,info@motorhuiskampen.nl,,False,https://app.garagebook.nl/demo/garage/a3a7c0200a9f6ae946cec9b585eb8d0f071f77ee,,,,0
"Motorservice Hengelo",Hengelo,info@motorservicehengelo.nl,,False,https://app.garagebook.nl/demo/garage/537f74281aab836a2a8743d8450894cc2574bc9c,,,,0
"Motorhuis Almelo",Almelo,info@motorhuisalmelo.nl,,False,https://app.garagebook.nl/demo/garage/6aed4e501d127f064ca5b01450ea95e128a33a54,,,,0
Motorplaza,Groningen,info@motorplaza.net,https://motorplaza.net,True,https://app.garagebook.nl/demo/garage/7bde8eb4f09df08730d7b813183e2cdd093f4df7,,,,0
Motor-Noord,Leens,info@motor-noord.nl,https://www.motor-noord.nl,True,https://app.garagebook.nl/demo/garage/c4e4bdfc635b5df971662bc9638336b856fbd12c,,,,0
"Rinket Motorsport",Groningen,info@rinketmotorsport.nl,https://rinketmotorsport.nl,True,https://app.garagebook.nl/demo/garage/7bda15bdb6b1c62bba8419046db409c0ef5859fc,,,,0
"Motorhuis Bakker",Nieuw-Weerdinge,info@motorhuisbakker.nl,,False,https://app.garagebook.nl/demo/garage/b31b67d646989de87ed51d280441b6361f3d9395,,,,0
"Kiri Autos en Motoren",Hoogeveen,info@kiriautosenmotoren.nl,,False,https://app.garagebook.nl/demo/garage/cbfe83b7cf063f64f50ece73cc1dab02305f1364,,,,0
Gerritsmotoren,Assen,info@gerritsmotoren.nl,https://www.gerritsmotoren.nl,False,https://app.garagebook.nl/demo/garage/846fe70912b41f9022fc50fe45fecfb65f91e05d,,,,0
"Motorservice Groningen",Groningen,info@motorservicegroningen.nl,,False,https://app.garagebook.nl/demo/garage/1ece9aa0982baf0a5898e4e5cfebc13a131478ab,,,,0
"Motorhuis Emmen",Emmen,info@motorhuisemmen.nl,,False,https://app.garagebook.nl/demo/garage/5a0cf8444bdf61af3b1b64c92dc4b9263c4a5b65,,,,0
"Motorservice Assen",Assen,info@motorserviceassen.nl,,False,https://app.garagebook.nl/demo/garage/1007c45bda08deb1813c065d4f1fc8d9a5887556,,,,0
"Motorhuis Meppel",Meppel,info@motorhuismeppel.nl,,False,https://app.garagebook.nl/demo/garage/f2db8c76a121e05f652d6edf3c1c1f4973ea0ed2,,,,0
"Motorservice Hoogeveen",Hoogeveen,info@motorservicehoogeveen.nl,,False,https://app.garagebook.nl/demo/garage/12936db36980e99f233c0fa8889d5db9a223f7c1,,,,0
"Motorhuis Coevorden",Coevorden,info@motorhuiscoevorden.nl,,False,https://app.garagebook.nl/demo/garage/ec0fed6cca451ad5a73e43c86e96054ac344a8ad,,,,0
"Motorservice Veendam",Veendam,info@motorserviceveendam.nl,,False,https://app.garagebook.nl/demo/garage/93c076bd1374ec1a460af6048a5038b70c9eb2b8,,,,0
"Motorhuis Winschoten",Winschoten,info@motorhuiswinschoten.nl,,False,https://app.garagebook.nl/demo/garage/1f931b0d99ea29a44c5c5f7a521079f35185ef11,,,,0
"Martijns MotorService",Surhuisterveen,info@martijnsmotorservice.nl,,False,https://app.garagebook.nl/demo/garage/71077be88a17cbb792be833b5bdef38b5e0f1aab,,,,0
"EV Motoren",Leeuwarden,info@ev-motoren.nl,https://ev-motoren.nl,True,https://app.garagebook.nl/demo/garage/56bdf7fd47698b825c97bd65249dafb3bd97e714,,,,0
"FH Motoren",Emmeloord,info@fhmotoren.nl,,False,https://app.garagebook.nl/demo/garage/1cc9358801d179a059ce6e94dcd4c8a8b18aa057,,,,0
"Motorservice Leeuwarden",Leeuwarden,info@motorserviceleeuwarden.nl,,False,https://app.garagebook.nl/demo/garage/31edb4cf9e643c122bb1dde3ebcb68d206590498,,,,0
"Motorhuis Drachten",Drachten,info@motorhuisdrachten.nl,,False,https://app.garagebook.nl/demo/garage/085f2648c5c81e69f2ec65928fac9f8ebfb0f5b4,,,,0
"Motorservice Heerenveen",Heerenveen,info@motorserviceheerenveen.nl,,False,https://app.garagebook.nl/demo/garage/064972bdf2735be215d76d1e2de2a9075db73826,,,,0
"Motorhuis Sneek",Sneek,info@motorhuissneek.nl,,False,https://app.garagebook.nl/demo/garage/03b6599968786ca18c25e5b06e0251f25590d258,,,,0
"Motorservice Dokkum",Dokkum,info@motorservicedokkum.nl,,False,https://app.garagebook.nl/demo/garage/717e3e994c4b466a6c36ae2f5878cc3e5750f7eb,,,,0
"Motorhuis Franeker",Franeker,info@motorhuisfraneker.nl,,False,https://app.garagebook.nl/demo/garage/80da44470518abfb08e1f90b591a033045a73cf2,,,,0
"De Motorspecialist Terneuzen",Terneuzen,info@demotorspecialist.nl,https://demotorspecialist.nl,True,https://app.garagebook.nl/demo/garage/3d37b12a7b4e232daab53b1bf2c386e7226aa555,,,,0
"Leijnse Motoren",Middelburg,info@leijnse-motoren.nl,,False,https://app.garagebook.nl/demo/garage/062006fc13f11a892e835097120f96c293e5a948,,,,0
"Lands End Motorcycles",Hengstdijk,info@landsendmotorcycles.nl,,False,https://app.garagebook.nl/demo/garage/2e9fe9cb9cb202efcee65a24e9e62707a3aa949a,,,,0
"CPV Custom Parts Verseveld",Terneuzen,info@cpv-parts.nl,,False,https://app.garagebook.nl/demo/garage/c8256cae705af8fa357ab86f36af99c3495ec17d,,,,0
"Motorservice Goes",Goes,info@motorservicegoes.nl,,False,https://app.garagebook.nl/demo/garage/70158baabb45b74f6e29cf29cad80d9897eb8f6a,,,,0
"Motorhuis Vlissingen",Vlissingen,info@motorhuisvlissingen.nl,,False,https://app.garagebook.nl/demo/garage/88fa44907bf201d6132c264aad27c509d247bfb4,,,,0
"Motorservice Terneuzen",Terneuzen,info@motorservicetermeuzen.nl,,False,https://app.garagebook.nl/demo/garage/7db869db5b0c9a6a65f9c9101c945849f8c48138,,,,0
"Perspectief Motoronderhoud",Lelystad,info@perspectief-motoronderhoud.nl,https://www.perspectief-motoronderhoud.nl,True,https://app.garagebook.nl/demo/garage/e33275d932c310528b060b97deb312961c81720a,,,,0
"P. Doff Motoren",Ens,info@pdoffmotoren.nl,,False,https://app.garagebook.nl/demo/garage/2753b271acabcba7dde09cab6224d5f931f50c78,,,,0
"Motorservice Lelystad",Lelystad,info@motorservicelelystad.nl,,False,https://app.garagebook.nl/demo/garage/9e44bc8d4ebe5a341b13adaf490cb1c3cd585f6f,,,,0
"Motorhuis Almere Noord",Almere,info@motorhuisalmereoord.nl,,False,https://app.garagebook.nl/demo/garage/19ad9ec42e1c139836e742d80e7445999fc752a5,,,,0
"Arjan Brouwer Motor Trading",Putten,info@arjanbrouwer.nl,,False,https://app.garagebook.nl/demo/garage/662d1aa698f79d199a5e8df3f82436ba56eff1b3,,,,0
"Twin Motorcycles IJsselstein",IJsselstein,info@twinmotorcycles-ij.nl,,False,https://app.garagebook.nl/demo/garage/fb1c6fb6e7902d6e438273b920a5530fadbc64fe,,,,0
"Motorservice Spijkenisse",Spijkenisse,info@motorservicespijkenisse.nl,,False,https://app.garagebook.nl/demo/garage/c68ee1c19f6576cfc075c74f1bd089186559bd03,,,,0
"Motorhuis Hendrik-Ido-Ambacht",Hendrik-Ido-Ambacht,info@motorhuishia.nl,,False,https://app.garagebook.nl/demo/garage/bc60153c65dcb78924510b56bd3486363a2dc119,,,,0
"Motorservice Dordrecht",Dordrecht,info@motorservicedordrecht.nl,,False,https://app.garagebook.nl/demo/garage/5c583e649a456023b9720794409cb81f8fef696b,,,,0
"Motorhuis Schiedam",Schiedam,info@motorhuisschiedam.nl,,False,https://app.garagebook.nl/demo/garage/f4c50c7fd20500ad39f0befa6d6fe41d26aa4376,,,,0
"Motorservice Vlaardingen",Vlaardingen,info@motorservicevlaardingen.nl,,False,https://app.garagebook.nl/demo/garage/ec308a160a553202d2d80c60a321cc6659f792e0,,,,0
"Motorhuis Delftshaven",Rotterdam,info@motorhuisdelftshaven.nl,,False,https://app.garagebook.nl/demo/garage/5f03719ab64d6116c85fc53bb1d179ad9fbf4672,,,,0
"Motorservice Alphen","Alphen aan den Rijn",info@motorservicealphen.nl,,False,https://app.garagebook.nl/demo/garage/7f50afa72926ab5ec52d64d597b509be00c04001,,,,0
"Motorhuis Zoetermeer",Zoetermeer,info@motorhuiszoetermeer.nl,,False,https://app.garagebook.nl/demo/garage/a53236e09cb4df1dd676e11270bcae9556d9e50e,,,,0
"Motorservice Rijswijk",Rijswijk,info@motorservicerijswijk.nl,,False,https://app.garagebook.nl/demo/garage/ad20666b25fb5e376442423918f776d8899de49f,,,,0
"Motorhuis Nootdorp",Nootdorp,info@motorhuisnootdorp.nl,,False,https://app.garagebook.nl/demo/garage/4c1ed07fdaa1d8059f82ff68d0634eead1c9cb61,,,,0
"Motorservice Westland",Naaldwijk,info@motorservicewestland.nl,,False,https://app.garagebook.nl/demo/garage/35cd817f264496f1f60d6fcc8845abc9e7ce5514,,,,0
"Motorhuis Pijnacker",Pijnacker,info@motorhuispijnacker.nl,,False,https://app.garagebook.nl/demo/garage/60e643ce9a4d9319ea63b68b2adb8f32410c7acb,,,,0
"Motorservice Katwijk",Katwijk,info@motorservicekatwijk.nl,,False,https://app.garagebook.nl/demo/garage/5d0bb634b9d59365ed0343c71ba1e00009af16ad,,,,0
"Motorhuis Noordwijk",Noordwijk,info@motorhuisnoordwijk.nl,,False,https://app.garagebook.nl/demo/garage/53fe7057d328f6a75b247c7649fbb8855c1a4a6c,,,,0
"Motorservice Wassenaar",Wassenaar,info@motorservicewassenaar.nl,,False,https://app.garagebook.nl/demo/garage/56b44c4dda1dfc6aa6692860d3270134565d0d59,,,,0
"Motorhuis Voorburg",Voorburg,info@motorhuisvoorburg.nl,,False,https://app.garagebook.nl/demo/garage/0915d554a861bf1ec0b58894887b336544234c8a,,,,0
"Motorservice Leidschendam",Leidschendam,info@motorserviceleidschendam.nl,,False,https://app.garagebook.nl/demo/garage/a358281a2a2e03bb2604d8a948d119f037470d96,,,,0
"Motorhuis Berkel en Rodenrijs","Berkel en Rodenrijs",info@motorhuisberkel.nl,,False,https://app.garagebook.nl/demo/garage/540bf4770fd8dc686c78564650d752ddadd297dc,,,,0
"Motorservice Zoetermeer Noord",Zoetermeer,info@motorservicezoetermeernoord.nl,,False,https://app.garagebook.nl/demo/garage/b54bae5d16f69dcda56d5317892f9079d4d21971,,,,0
"BMW Motorrad Utrecht",Utrecht,info@bmwmotorradutrecht.nl,https://www.bmwmotorradutrecht.nl,False,https://app.garagebook.nl/demo/garage/388c8a7e79b310434b4916535915a0fda7789fb3,,,,0
"BMW Motorrad Amsterdam",Amsterdam,info@bmwmotorradamsterdam.nl,,False,https://app.garagebook.nl/demo/garage/d4ee10e07239b104381d5acdbed41ef94c7bfbd3,,,,0
"BMW Motorrad Rotterdam",Rotterdam,info@bmwmotorradrotterdam.nl,,False,https://app.garagebook.nl/demo/garage/aa485ac2054278519304544dd8913011acec745a,,,,0
"BMW Motorrad Eindhoven",Eindhoven,info@bmwmotorradeindhoven.nl,,False,https://app.garagebook.nl/demo/garage/37a90dd1e624091312b05a58ca63893f0947312e,,,,0
"BMW Motorrad Groningen",Groningen,info@bmwmotorradgroningen.nl,,False,https://app.garagebook.nl/demo/garage/d66907bc3e27aabe64d9bd8e8128b3d4e9e26308,,,,0
"BMW Motorrad Arnhem",Arnhem,info@bmwmotorradarnhem.nl,,False,https://app.garagebook.nl/demo/garage/0478857b1e80ae6f1653f266a2e398e27ff4060f,,,,0
"BMW Motorrad Breda",Breda,info@bmwmotorradbreda.nl,,False,https://app.garagebook.nl/demo/garage/7568d61d7e4e1238a01931aec4647efafdfd0f96,,,,0
"BMW Motorrad Zwolle",Zwolle,info@bmwmotorradzwolle.nl,,False,https://app.garagebook.nl/demo/garage/07b56af28bd6ce29706424855d60cb4785feab22,,,,0
"H-D Amsterdam",Amsterdam,info@harley-amsterdam.nl,,False,https://app.garagebook.nl/demo/garage/9605c136a518ebfa821f0b4f32078fe7cde82756,,,,0
"H-D Rotterdam",Rotterdam,info@harley-rotterdam.nl,,False,https://app.garagebook.nl/demo/garage/4be6a1f746a8e9728d7b613d7c361e33bf355895,,,,0
"H-D Den Haag","Den Haag",info@harley-denhaag.nl,,False,https://app.garagebook.nl/demo/garage/6372962efd1f2d3ff50b82a186f7aaf102048992,,,,0
"H-D Eindhoven",Eindhoven,info@harley-eindhoven.nl,,False,https://app.garagebook.nl/demo/garage/de0d46f44744b56981a1f4194c5ee364e9922006,,,,0
"H-D Groningen",Groningen,info@harley-groningen.nl,,False,https://app.garagebook.nl/demo/garage/75e9cfbd72a3ea140253747ecfe33213372f4543,,,,0
"H-D Arnhem",Arnhem,info@harley-arnhem.nl,,False,https://app.garagebook.nl/demo/garage/71676657a33d3504ccfb532d4a17c66ed8eb21da,,,,0
"H-D Zwolle",Zwolle,info@harley-zwolle.nl,,False,https://app.garagebook.nl/demo/garage/8d5032762b766a4a3eb59bd600d685570cc7c1ee,,,,0
"H-D Tilburg",Tilburg,info@harley-tilburg.nl,,False,https://app.garagebook.nl/demo/garage/f6ba37e79e5ae0f2afbb578a1afc3507ad6fe87f,,,,0
"Motorhuis Breda",Breda,info@motorhuisbreda.nl,,False,https://app.garagebook.nl/demo/garage/a3d42797f961645bf780b59868e00f945e77513a,,,,0
"Motorservice Utrecht Noord",Utrecht,info@motorserviceutrechtnoord.nl,,False,https://app.garagebook.nl/demo/garage/ce3669e4b60e1fc5fe7276ca119cef905f989066,,,,0
"Motorhuis Amersfoort",Amersfoort,info@motorhuisamersfoort.nl,,False,https://app.garagebook.nl/demo/garage/c273fe5122fc2b23e85d78409ea00e7e1153a481,,,,0
"Motorservice Nieuwegein",Nieuwegein,info@motorservicenieuwegein.nl,,False,https://app.garagebook.nl/demo/garage/2d14559123510520059774d05d28b7eef03352c6,,,,0
"Motorhuis Apeldoorn",Apeldoorn,info@motorhuisapeldoorn.nl,,False,https://app.garagebook.nl/demo/garage/d26950f5e882c4d202e63d917b46aeb7a28599d2,,,,0
"Motorservice Zutphen",Zutphen,info@motorservicezutphen.nl,,False,https://app.garagebook.nl/demo/garage/7264028518e446091769d00d06d6125716161593,,,,0
"Motorhuis Doetinchem",Doetinchem,info@motorhuisdoetinchem.nl,,False,https://app.garagebook.nl/demo/garage/03114324ac180a6e1762feda8f0a5118fff34741,,,,0
"Motorservice Groenlo",Groenlo,info@motorservicegroenlo.nl,,False,https://app.garagebook.nl/demo/garage/af689d96d3ce58e221fda866340dba33710139b4,,,,0
"Motorhuis Aalten",Aalten,info@motorhuisaalten.nl,,False,https://app.garagebook.nl/demo/garage/8648d019dafe834d58e2d3b8cf1b9b6a255f921d,,,,0
"Motorservice Ulft",Ulft,info@motorserviceulft.nl,,False,https://app.garagebook.nl/demo/garage/1ec3e83ef566beb14670a221dd0986d56b9d4377,,,,0
"Motorhuis Bemmel",Bemmel,info@motorhuisbemmel.nl,,False,https://app.garagebook.nl/demo/garage/4c2d18ac80165f1d70a3e5de49da6f077ab3fe17,,,,0
"Motorservice Lent",Lent,info@motorservicelent.nl,,False,https://app.garagebook.nl/demo/garage/31983adda07555b15831bc875aac958c9317d8d5,,,,0
"Motorhuis Gennep",Gennep,info@motorhuisgennep.nl,,False,https://app.garagebook.nl/demo/garage/1e4f60d5baf50b79466040944fa5185d2c32afa0,,,,0
"Motorservice Cuijk",Cuijk,info@motorservicecuijk-nl.nl,,False,https://app.garagebook.nl/demo/garage/f2d5c62ff765725a155f34a7ebc6431205d07645,,,,0
"Motorhuis Grave",Grave,info@motorhuisgrave.nl,,False,https://app.garagebook.nl/demo/garage/b3f807a557d1a7e361bd683d6aded99364dc42a4,,,,0
"Motorservice Boxmeer",Boxmeer,info@motorserviceboxmeer.nl,,False,https://app.garagebook.nl/demo/garage/c9c3e2e70f0fee358f72f25a765dd6954d304a21,,,,0
"Motorhuis Deurne",Deurne,info@motorhuisdeurne.nl,,False,https://app.garagebook.nl/demo/garage/e90d580d51edebb6d51509ffbd027841bb00925a,,,,0
"Motorservice Asten",Asten,info@motorserviceasten.nl,,False,https://app.garagebook.nl/demo/garage/c5071269588a01e33d05834a2b670c7e2330d98e,,,,0
"Motorhuis Someren",Someren,info@motorhuissomeren.nl,,False,https://app.garagebook.nl/demo/garage/82a1625758ea10946e7098791f2721b11b7b93dd,,,,0
"Motorservice Geldrop",Geldrop,info@motorservicegeldrop.nl,,False,https://app.garagebook.nl/demo/garage/5c16f70aa036fc138f27fc0974ddbd982d09a7ba,,,,0
"Motorhuis Nuenen",Nuenen,info@motorhuisnuenen.nl,,False,https://app.garagebook.nl/demo/garage/604fcbe0a54fe3820e488ad6491c87013574bfed,,,,0
"Motorservice Best",Best,info@motorservicebest.nl,,False,https://app.garagebook.nl/demo/garage/400320845a5eb6caaac500825156400fc108ff05,,,,0
"Motorhuis Valkenswaard",Valkenswaard,info@motorhuisvalkenswaard.nl,,False,https://app.garagebook.nl/demo/garage/dd6837d6a4c6cfc305874cd3ba9344fae21a93b2,,,,0
"Motorservice Woensdrecht",Woensdrecht,info@motorservicewoensdrecht.nl,,False,https://app.garagebook.nl/demo/garage/fac28f6c777a3e37013f11f4a0d62bee63e4e180,,,,0
"Motorhuis Steenbergen",Steenbergen,info@motorhuissteenbergen.nl,,False,https://app.garagebook.nl/demo/garage/a131ad43b1a3b38df4312dc76321b2545197c0c6,,,,0
"Motorservice Etten-Leur",Etten-Leur,info@motorserviceettenleur.nl,,False,https://app.garagebook.nl/demo/garage/483b0aa469493a9085dd14b96126ff42dba99eb4,,,,0
"Motorhuis Oosterhout",Oosterhout,info@motorhuisoosterhout.nl,,False,https://app.garagebook.nl/demo/garage/24231546e985d3be72743e264eeccddc7ad7e04c,,,,0
"Motorservice Brielle",Brielle,info@motorservicebrielle.nl,,False,https://app.garagebook.nl/demo/garage/18107114b6eb82d55534962e3a4dbbf8b3e8a9da,,,,0
"Motorhuis Hellevoetsluis",Hellevoetsluis,info@motorhuishellevoetsluis.nl,,False,https://app.garagebook.nl/demo/garage/c6cef71109ff646a5cbdaef307a2e1468b87b109,,,,0
"Motorhuis Barendrecht",Barendrecht,info@motorhuisbarendrecht.nl,,False,https://app.garagebook.nl/demo/garage/0741b3cba407b3182cd31674bdbbe080c855f4fe,,,,0
"Motorservice Heerjansdam",Heerjansdam,info@motorserviceheerjansdam.nl,,False,https://app.garagebook.nl/demo/garage/bbde539726bc684e4055d449e7fbeef4c11788b9,,,,0
"Motorhuis Gorinchem",Gorinchem,info@motorhuisgorinchem.nl,,False,https://app.garagebook.nl/demo/garage/4f201cb91d87b44f4aa4fdb99686983882712d35,,,,0
"Motorservice Leerdam",Leerdam,info@motorserviceleerdam.nl,,False,https://app.garagebook.nl/demo/garage/fbc418f36d93010a8312a076548b23ba3dd52c3a,,,,0
"Motorhuis Vianen",Vianen,info@motorhuisvianen.nl,,False,https://app.garagebook.nl/demo/garage/6ad9d49be6f519e7783228e0165efdc7e1bcab18,,,,0
"Motorservice IJsselstein",IJsselstein,info@motorserviceijsselstein.nl,,False,https://app.garagebook.nl/demo/garage/280a6e2092c14ddb84d0763e5a7320ecfda0b886,,,,0
"Motorhuis Oudewater",Oudewater,info@motorhuisoudewater.nl,,False,https://app.garagebook.nl/demo/garage/970e632e922ef79b95a9c43128c1b1bef1fad12e,,,,0
"Motorservice Bodegraven",Bodegraven,info@motorservicebodegraven.nl,,False,https://app.garagebook.nl/demo/garage/c421b2a800569715b21d28294ad4a148956b3147,,,,0
"Motorhuis Nieuwkoop",Nieuwkoop,info@motorhuisnieuwkoop.nl,,False,https://app.garagebook.nl/demo/garage/b3f1583091e95852c550791be8fb3a7cd6e0baa7,,,,0
"Motorservice Boskoop",Boskoop,info@motorserviceboskoop.nl,,False,https://app.garagebook.nl/demo/garage/e00366a6e7edc6d2a58cc0e6debf8426d72f9e10,,,,0
"Motorhuis Waddinxveen",Waddinxveen,info@motorhuiswaddinxveen.nl,,False,https://app.garagebook.nl/demo/garage/f9d988d17d7b01b8921bb6baddf64f018f8a5607,,,,0
"Motorservice Stolwijk",Stolwijk,info@motorservicestolwijk.nl,,False,https://app.garagebook.nl/demo/garage/17ced0fad69142f156bc3b63cd9d495f90ca8ac2,,,,0
"Motorhuis Schoonhoven",Schoonhoven,info@motorhuisschoonhoven.nl,,False,https://app.garagebook.nl/demo/garage/87201922db362c98fcc1bdcc484fd02cc42a8e34,,,,0
"Motorservice Krimpen","Krimpen aan den IJssel",info@motorservicekrimpen.nl,,False,https://app.garagebook.nl/demo/garage/01c264b6acf5d7d34355e8e0ef1ba1123956298e,,,,0
"Motorhuis IJsselmonde",Rotterdam,info@motorhuisisselmonde.nl,,False,https://app.garagebook.nl/demo/garage/be52713c3569d461787e3aa732618f3941022ca8,,,,0
"Motorservice Rhoon",Rhoon,info@motorservicerhoon.nl,,False,https://app.garagebook.nl/demo/garage/80d958cc6360a636516974b3bcf9dafdaefdf08b,,,,0
"Motorhuis Barendrecht Zuid",Barendrecht,info@motorhuisbarendrechtzuid.nl,,False,https://app.garagebook.nl/demo/garage/7812c1e4f32689002fd5ddfb604224fe47efed29,,,,0
"Motorservice Alblasserdam",Alblasserdam,info@motorservicealblasserdam.nl,,False,https://app.garagebook.nl/demo/garage/d6e65bb84f8220a979e11084c90ce94d57315a6d,,,,0
"Motorhuis Kinderdijk",Alblasserdam,info@motorhuiskinderdijk.nl,,False,https://app.garagebook.nl/demo/garage/a1cd6238e7c6efa0d5979212a665fb89b38dedda,,,,0
"Motorservice Papendrecht",Papendrecht,info@motorservicepapendrecht.nl,,False,https://app.garagebook.nl/demo/garage/f8a0de5d2bf7b39fc0183e33925bf77702c92e9f,,,,0
"Motorhuis Sliedrecht",Sliedrecht,info@motorhuissliedrecht.nl,,False,https://app.garagebook.nl/demo/garage/d5a817cbccc5f144acbc26cff78fe2d9fb4905fc,,,,0
"Motorservice Hardinxveld",Hardinxveld-Giessendam,info@motorservicehardinxveld.nl,,False,https://app.garagebook.nl/demo/garage/f56a69c97f10aec7bfc4522cf78ce4fc71f4f671,,,,0
"Motorhuis Werkendam",Werkendam,info@motorhuiswerkendam.nl,,False,https://app.garagebook.nl/demo/garage/438148f104a912bcaa356536b9e35df89b834428,,,,0
"Motorservice Geertruidenberg",Geertruidenberg,info@motorservicegeertruidenberg.nl,,False,https://app.garagebook.nl/demo/garage/d18e95cbf0c147566c9c197276a103dc81837648,,,,0
"Motorhuis Raamsdonksveer",Raamsdonksveer,info@motorhuisraamsdonksveer.nl,,False,https://app.garagebook.nl/demo/garage/51a99a643ffea502ed59732a5fd5e80406f6fa68,,,,0
"Motorservice Drimmelen",Drimmelen,info@motorservicedrimmelen.nl,,False,https://app.garagebook.nl/demo/garage/74da4c97bd4b49a8da60e1623c81063fdc591f29,,,,0
"Motorhuis Zevenbergen",Zevenbergen,info@motorhuiszevenbergen.nl,,False,https://app.garagebook.nl/demo/garage/e760354cd2384653a639d4a971709551d9567256,,,,0
"Motorservice Klundert",Klundert,info@motorserviceklundert.nl,,False,https://app.garagebook.nl/demo/garage/f6140b314dedf6c3f6d1131e126fb9932341d8fa,,,,0
"Motorhuis Fijnaart",Fijnaart,info@motorhuisfijnaart.nl,,False,https://app.garagebook.nl/demo/garage/e79278d26e3495e5a14b9d164509da47103bee48,,,,0
"Motorservice Willemstad",Willemstad,info@motorservicewillemstad.nl,,False,https://app.garagebook.nl/demo/garage/2cb02e568d71c01938d3e35cf94c625945d91202,,,,0
"Motorhuis Dinteloord",Dinteloord,info@motorhuisdinteloord.nl,,False,https://app.garagebook.nl/demo/garage/afa04d726d7e35582c07dfc4ddc7daae751940a0,,,,0
"Motorservice Oudenbosch",Oudenbosch,info@motorserviceoudenbosch.nl,,False,https://app.garagebook.nl/demo/garage/bf2c776971cca03c9ac3f46733b9e826cb16666e,,,,0
"Motorhuis Zundert",Zundert,info@motorhuiszundert.nl,,False,https://app.garagebook.nl/demo/garage/3e54543d02ffc158533073cee50e7f9d85cd9ddf,,,,0
"Motorservice Rijsbergen",Rijsbergen,info@motorservicerijsbergen.nl,,False,https://app.garagebook.nl/demo/garage/0403158360f02b6f3885d9108a9c9ffddb570138,,,,0
"Motorservice Vriezenveen",Vriezenveen,info@motorservicevriezenveen.nl,,False,https://app.garagebook.nl/demo/garage/42132656fa30d6542030917922d8142d0c027db8,,,,0
"Motorhuis Rijssen",Rijssen,info@motorhuisrijssen.nl,,False,https://app.garagebook.nl/demo/garage/8acec93fb80477708f85f5705724ab723a0dda1a,,,,0
"Motorservice Wierden",Wierden,info@motorservicewierden.nl,,False,https://app.garagebook.nl/demo/garage/c219ebf659aaaa8e2b66542632d1d850222e9bc9,,,,0
"Motorhuis Hellendoorn",Hellendoorn,info@motorhuishellendoorn.nl,,False,https://app.garagebook.nl/demo/garage/968ba2b2efb710c6d3f26c77efab3400dd77d010,,,,0
"Motorservice Enter",Enter,info@motorserviceenter.nl,,False,https://app.garagebook.nl/demo/garage/82b21823f4b637b155423680049e33cc12395939,,,,0
"Motorhuis Goor",Goor,info@motorhuisgoor.nl,,False,https://app.garagebook.nl/demo/garage/e92211c7400f999c504775532571a2c57b1036d7,,,,0
"Motorservice Borne",Borne,info@motorserviceborne.nl,,False,https://app.garagebook.nl/demo/garage/03bebd9bf3a8eb0ca9881d23a4f5cf4f83442133,,,,0
"Motorhuis Losser",Losser,info@motorhuislosser.nl,,False,https://app.garagebook.nl/demo/garage/a8025410644c57710348e8043f7a986fdff884ea,,,,0
"Motorservice Denekamp",Denekamp,info@motorservicedenekamp.nl,,False,https://app.garagebook.nl/demo/garage/0495aff069b9faa64d9ceab3c41996b5af7c6470,,,,0
"Motorhuis Tubbergen",Tubbergen,info@motorhuistubbergen.nl,,False,https://app.garagebook.nl/demo/garage/7641f9494881fce8e29c19f2431b13afead87e9f,,,,0
"Motorservice Ootmarsum",Ootmarsum,info@motorserviceootmarsum.nl,,False,https://app.garagebook.nl/demo/garage/857429d4d800dfcbf5b61eac8f0d467923e6bd52,,,,0
"Motorhuis Raalte",Raalte,info@motorhuisraalte.nl,,False,https://app.garagebook.nl/demo/garage/9034af5bcc16e5af6c5694a77616f15b47aab88e,,,,0
"Motorservice Olst",Olst,info@motorserviceolst.nl,,False,https://app.garagebook.nl/demo/garage/d786b8a81e8286f246703efd4c4d51a6cf7e8563,,,,0
"Motorhuis Wijhe",Wijhe,info@motorhuiswijhe.nl,,False,https://app.garagebook.nl/demo/garage/51314459379ece4f20dfbee0c028d3fcb45c098f,,,,0
"Motorservice Heino",Heino,info@motorserviceheino.nl,,False,https://app.garagebook.nl/demo/garage/808e2fa4b56d93bda4a4f79225d5b010f756bd4b,,,,0
"Motorhuis Staphorst",Staphorst,info@motorhuisstaphorst.nl,,False,https://app.garagebook.nl/demo/garage/671c202fcf5d728c4e93b5c93c1ac6c8294ee886,,,,0
"Motorservice Nieuwleusen",Nieuwleusen,info@motorservicenieuwleusen.nl,,False,https://app.garagebook.nl/demo/garage/1541d7be50f10ec2131c346cb2628ab9180e871b,,,,0
"Motorhuis Dalfsen",Dalfsen,info@motorhuisdalfsen.nl,,False,https://app.garagebook.nl/demo/garage/5d375d6331adcfac0a57e69df65dc63a43b8f178,,,,0
"Motorservice Ommen",Ommen,info@motorserviceommen.nl,,False,https://app.garagebook.nl/demo/garage/374b8b7e323c5d1483deeb2d3252c919788a9ba1,,,,0
"Motorhuis Gramsbergen",Gramsbergen,info@motorhuisgramsbergen.nl,,False,https://app.garagebook.nl/demo/garage/d552edeffdf02203a1961364cfe904111183db28,,,,0
"Motorservice De Lutte","De Lutte",info@motorservicedelutte.nl,,False,https://app.garagebook.nl/demo/garage/47cac4434ebf3dfda85dcb2efb4ebbcb734a149e,,,,0
